time,Active,Quiescent,Nutrients,Viruses,Infected_Quiescent
0.0,47.3606,0.0,100000.0,1.0727,0.0
0.032572199106515605,48.32644485129465,0.0,99998.28585684701,1.068724834983323,0.0
0.13198640395546166,51.3978343057259,0.0,99992.83488948653,1.0570616861965967,0.0
0.2707314242764236,56.013392310476696,0.0,99984.64343239326,1.041990842715122,0.0
0.43421732638103094,61.98674428367839,0.0,99974.04228096691,1.0260985151205937,0.0
0.6304052343927037,70.0017217003128,0.0,99959.81784231693,1.0098242421547479,0.0
0.8515597057784459,80.28592122683504,0.0,99941.5662261856,0.9953886868441263,0.0
1.0980703738140227,93.53964925006044,0.0,99918.04460551906,0.9846415929251691,0.0
1.3651171677162246,110.37741290761244,0.0,99888.16240345128,0.9801556521450514,0.0
1.6506550609219892,131.74743747475523,0.0,99850.23673735748,0.9849531195384058,0.0
1.9512311188123364,158.727397296656,0.0,99802.35488348443,1.0029918456335376,0.0
2.264244580316152,192.71204725695648,0.0,99742.04118190976,1.0397378555948331,0.0
2.586050712926173,235.25094413958743,0.0,99666.54485205606,1.1029712266825082,0.0
2.910541329674603,287.6566262006329,0.0,99573.5350921226,1.2033819474226775,0.0
3.235031946423033,351.7338087892674,0.0,99459.80642351309,1.358158401274336,0.0
3.559522563171463,430.0795552734692,0.0,99320.74481132724,1.5976452633693796,0.0
3.84370821474717,512.8959772178268,0.0,99173.73563325794,1.9193438796113012,0.0
4.127893866322878,611.6466952437265,0.0,98998.42003401031,2.4150106316734736,0.0
4.367872165927047,709.6845241363674,0.0,98824.34060423546,3.059479166488431,0.0
4.612521401233604,825.7920555365786,0.0,98618.12547513895,4.081148520788701,0.0
4.830247286282926,944.9590815251347,0.0,98406.39939119859,5.522908157323215,0.0
5.055679008373524,1086.4082544367404,0.0,98154.94144920162,7.96321758621176,0.0
5.281110730464121,1248.8618342638413,0.0,97865.86143218465,12.210027389903948,0.0
5.506542452554719,1435.2579587671378,0.0,97533.59174152443,20.09115763534062,0.0
5.667511638047215,1584.7253010315246,0.0,97266.43593142611,30.10704260068891,0.0
5.798221122465085,1716.9967148402445,0.0,97029.19581657331,43.223814407252334,0.0
5.928930606882955,1859.560157496166,0.0,96772.2025027334,64.09148153259365,0.0
6.059640091300825,2012.649571646099,0.0,96493.95518658674,98.39322590112036,0.0
6.190349575718694,2175.9673841779017,0.0,96192.95283704846,156.77737184199955,0.0
6.321059060136564,2348.0866067427346,0.0,95867.80834882487,259.8601071561314,0.0
6.451768544554434,2525.1867039564154,0.0,95517.49048020843,448.8135836923452,0.0
6.53896957038272,2642.05292270531,0.0,95269.63912935961,661.3516709596951,0.0
6.61501474944776,2738.9361030456344,0.0,95044.53142156506,941.0721422072576,0.0
6.682654444686028,2816.8473854694116,0.0,94837.78266972766,1301.7005194479473,0.0
6.7502941399242955,2881.33557895353,0.0,94625.69596907301,1816.3035215803484,0.0
6.808150529975617,2920.032018256685,0.0,94440.9932394595,2428.1564297745285,0.0
6.866006920026938,2936.7198749538948,0.0,94254.48912455815,3255.694287593151,0.0
6.916777652029302,2926.8232319395984,0.0,94090.6342349954,4212.580313863404,0.0
6.967548384031667,2887.3518554797442,0.0,93928.12704927857,5438.712227149788,0.0
7.018319116034031,2811.7004211540807,0.0,93768.80453988002,6985.271366536533,0.0
7.069089848036396,2694.0736013112287,0.0,93614.85615483839,8893.149652739457,0.0
7.11986058003876,2531.0730772908896,0.0,93468.7364845837,11178.167668249944,0.0
7.170631312041125,2323.5594486386112,0.0,93332.97946560294,13814.322641618599,0.0
7.221402044043489,2078.1143413348523,0.0,93209.91572776673,16721.61018956401,0.0
7.272172776045854,1807.1814381897022,0.0,93101.34101439726,19767.02806283728,0.0
7.325495090359707,1513.3039776548435,0.0,93003.96231166847,22931.655293356715,0.0
7.3656288681311795,1297.7573818004253,0.0,92941.94811491223,25175.08838971032,0.0
7.41023633625815,1073.7950009997978,0.0,92883.84746434641,27437.20973721367,0.0
7.45484380438512,873.1271997864488,0.0,92836.18708520476,29396.641852671022,0.0
7.49945127251209,699.5266566629533,0.0,92797.71770686151,31026.383039161854,0.0
7.545387710910996,549.7825512214381,0.0,92766.27594805988,32363.873884513727,0.0
7.595529108472176,417.9207082033822,0.0,92739.73243439334,33461.66382783837,0.0
7.663030052825682,285.1519635372222,0.0,92713.91774523901,34435.73694991114,0.0
7.714299829511114,211.92544633504517,0.0,92699.99823919573,34868.80691344073,0.0
7.765569606196546,157.01446622949433,0.0,92689.67014874879,35100.66789188324,0.0
7.8168393828819775,116.16404996510919,0.0,92682.0242677563,35179.50071958688,0.0
7.8681091595674095,85.92635157661348,0.0,92676.36860305365,35143.99931649627,0.0
7.9193789362528415,63.607675298600505,0.0,92672.18389236003,35024.22356042484,0.0
7.9706487129382735,47.154032161941146,0.0,92669.08415434218,34843.010275399494,0.0
8.021918489623706,35.024364553952616,0.0,92666.78419974826,34617.45091449281,0.0
8.073188266309138,26.07467757699721,0.0,92665.07405101701,34360.210823753274,0.0
8.12445804299457,19.461445515064767,0.0,92663.79936986926,34080.61572153792,0.0
8.175727819680002,14.565181806316058,0.0,92662.84675792107,33785.50540175967,0.0
8.226997596365434,10.931868829285982,0.0,92662.132849706,33479.885237628965,0.0
8.278267373050866,8.2289786130148,0.0,92661.59628166881,33167.41418291787,0.0
8.329537149736298,6.212878802083734,0.0,92661.19180624172,32850.76594391576,0.0
8.38080692642173,4.704876390789008,0.0,92660.88598891807,32531.894264881586,0.0
8.432076703107162,3.573699255905647,0.0,92660.65406575806,32212.22689478744,0.0
8.483346479792594,2.722721677132295,0.0,92660.47764821214,31892.807058001534,0.0
8.534616256478026,2.08066082923279,0.0,92660.34304537503,31574.396534293468,0.0
8.58620011879921,1.5922206458945773,0.0,92660.23948529792,31255.615449412708,0.0
8.638369167604921,1.218499940344937,0.0,92660.1593357115,30935.248153509576,0.0
8.691401162667775,0.9313141189630246,0.0,92660.09702219798,30611.98822711967,0.0
8.745574945727059,0.7100170200291591,0.0,92660.04842896987,30284.510413569355,0.0
8.801186243110447,0.5392490411418038,0.0,92660.01046876577,29951.402800614786,0.0
8.85855126740118,0.4074672169638167,0.0,92659.98080206453,29611.169777363397,0.0
8.918015493195703,0.30590581450348,0.0,92659.95763691941,29262.202501297175,0.0
8.979959690646853,0.22785142811714543,0.0,92659.93958878574,28902.766776582346,0.0
9.044810258354604,0.1681189635808965,0.0,92659.9255784129,28530.96855886905,0.0
9.113046313500442,0.1226775784028063,0.0,92659.91475870297,28144.742995563312,0.0
9.185211845834472,0.08837287991535848,0.0,92659.90645992475,27741.82065238663,0.0
9.261932267479692,0.0627224612656854,0.0,92659.90014915819,27319.678760157454,0.0
9.343933396740509,0.04376535661036834,0.0,92659.8954003362,26875.4925147318,0.0
9.432067565450774,0.029948905586228654,0.0,92659.89187162457,26406.065734051008,0.0
9.527347406381352,0.02004360547149237,0.0,92659.88928836402,25907.74608460844,0.0
9.63099127561087,0.013078133002603787,0.0,92659.88743003746,25376.31514112977,0.0
9.74449075185143,0.008288957661075088,0.0,92659.88612015228,24806.81738682409,0.0
9.86968938496136,0.005081439631246798,0.0,92659.88521848535,24193.40939914456,0.0
10.008911077346117,0.0029978792375280803,0.0,92659.88461466334,23529.075358222806,0.0
10.165134683121726,0.0016918571197861432,0.0,92659.88422303062,22805.296797270417,0.0
10.342250914393345,0.0009067382140408367,0.0,92659.8839783202,22011.608612069667,0.0
10.545452497039507,0.0004574466562056339,0.0,92659.88383194062,21134.988736924122,0.0
10.78184340342766,0.00021491386592362342,0.0,92659.88374875179,20159.02050180879,0.0
11.06142441485567,9.279774469284713e-5,0.0,92659.88370424294,19062.741559637765,0.0
11.398751553300851,3.6243347315816425e-5,0.0,92659.88368206566,17819.0896491607,0.0
11.815848418497678,1.2566118196301394e-5,0.0,92659.88367190334,16392.943673325197,0.0
12.346851672032832,3.797125215726113e-6,0.0,92659.8836676809,14741.259556147703,0.0
13.020574397930982,1.036246750494417e-6,0.0,92659.88366613557,12882.96366353211,0.0
13.770244349645475,3.145890979878969e-7,0.0,92659.88366564663,11089.201570168329,0.0
14.599864057490056,1.098790603746581e-7,0.0,92659.88366547284,9393.78089097875,0.0
15.492924414535398,4.621818535349243e-8,0.0,92659.88366540213,7857.243091318417,0.0
16.44425202245308,2.3693746127679042e-8,0.0,92659.88366536754,6495.893927370956,0.0
17.443498117233787,1.4839437247482837e-8,0.0,92659.88366534711,5319.190115213127,0.0
18.484036665467258,1.1232187826281781e-8,0.0,92659.88366533253,4319.818345989162,0.0
19.55869602355811,1.0103772293564888e-8,0.0,92659.8836653201,3484.3499006569896,0.0
20.66188489633645,1.0583122604372787e-8,0.0,92659.8836653077,2794.473495952588,0.0
21.788566350181313,1.263828660616831e-8,0.0,92659.8836652935,2230.682138588287,0.0
22.934603020091874,1.6860537615516422e-8,0.0,92659.8836652752,1773.7573672472556,0.0
24.096485549063086,2.4665945280361318e-8,0.0,92659.88366524914,1405.9645845110726,0.0
25.271332147977656,3.8928493458114664e-8,0.0,92659.88366520897,1111.5487265674822,0.0
26.456752541990543,6.53560942659724e-8,0.0,92659.88366514273,876.9285342960127,0.0
27.650790746470374,1.1535193991015141e-7,0.0,92659.88366502753,690.639422511716,0.0
28.85184527803762,2.1194917481659636e-7,0.0,92659.88366481832,543.1616482207046,0.0
30.058613763047216,4.021816017469094e-7,0.0,92659.88366442492,426.6880920594061,0.0
31.270040326284693,7.830096194272884e-7,0.0,92659.8836636645,334.87856726130957,0.0
32.485273876319965,1.5559164684183676e-6,0.0,92659.88366216185,262.62345649291984,0.0
33.703632848294326,3.1423409347815594e-6,0.0,92659.88365914025,205.82977695821612,0.0
34.92457707877818,6.428549642655203e-6,0.0,92659.88365297928,161.23463674289758,0.0
36.14768493339959,1.3286535087596944e-5,0.0,92659.88364027823,126.24685216002871,0.0
37.37263546955824,2.7684688130519666e-5,0.0,92659.88361386444,98.81496688618749,0.0
38.59919308234061,5.8060787641287204e-5,0.0,92659.88355854788,77.31884045276534,0.0
39.82718385794264,0.0001224002328272361,0.0,92659.88344205219,60.48163120600265,0.0
41.05641455538684,0.0002591090060988962,0.0,92659.88319562486,47.29922807370929,0.0
42.2862922362722,0.000550184545346536,0.0,92659.88267276404,36.98525441137228,0.0
43.51616991715757,0.001170676861861268,0.0,92659.8815611912,28.920352737234204,0.0
44.746047598042935,0.002495005989155388,0.0,92659.87919375692,22.6141075015795,0.0
45.9759252789283,0.005324246154322811,0.0,92659.87414442158,17.683051946042067,0.0
47.20580295981367,0.011373032084355285,0.0,92659.86336309128,13.82735337101539,0.0
48.21783821377622,0.021250230897971945,0.0,92659.8457740701,11.29398699876512,0.0
49.116639330612685,0.03703663494175209,0.0,92659.81768006228,9.436226433761577,0.0
50.01544044744915,0.06456870365487619,0.0,92659.76870777518,7.884320036736129,0.0
50.77411714456248,0.10324273279558029,0.0,92659.69994345728,6.775092630177952,0.0
51.53279384167581,0.16510475774301184,0.0,92659.5899833555,5.822311986834725,0.0
52.1864609213942,0.24744624751428143,0.0,92659.44365651239,5.110019342605291,0.0
52.84012800111259,0.3708832183894991,0.0,92659.22434352008,4.485402542498221,0.0
53.421348432146175,0.5315450674262141,0.0,92658.93893911518,3.9950282764274814,0.0
54.00256886317976,0.7618414366623303,0.0,92658.52989021229,3.558984206618608,0.0
54.58378929421335,1.0919638982797955,0.0,92657.9436034496,3.171451530742532,0.0
55.10513129463875,1.5082026107410882,0.0,92657.20445307005,2.8608796125825355,0.0
55.62647329506416,2.0831638091465865,0.0,92656.18353517541,2.5819100226211553,0.0
56.147815295489565,2.8773866287021,0.0,92654.77340086474,2.331626132133399,0.0
56.66915729591497,3.9745040158690244,0.0,92652.82561775173,2.107455347252254,0.0
57.19049929634038,5.490052965198945,0.0,92650.1351358538,1.9071509258181087,0.0
57.71184129676578,7.5836458972467025,0.0,92646.4186890865,1.7287812302458774,0.0
58.23318329719119,10.475785397650942,0.0,92641.28495693875,1.5707283854969467,0.0
58.754525297616595,14.471093598462202,0.0,92634.19334288762,1.4316998286885656,0.0
59.275867298042,19.99040299781694,0.0,92624.39702703964,1.3107589170612526,0.0
59.79720929846741,27.615088485348025,0.0,92610.86429416042,1.2073856573796065,0.0
60.318551298892814,38.1483087134382,0.0,92592.16985045202,1.1215878912161272,0.0
60.83989329931822,52.69960371470984,0.0,92566.34468269747,1.0541015470701998,0.0
61.361235299743626,72.80175052958087,0.0,92530.66865005571,1.0067563116933722,0.0
61.88257730016903,100.57216422209558,0.0,92481.38397491674,0.9831653448853116,0.0
62.40391930059444,138.935794708007,0.0,92413.29948666299,0.9900886971926024,0.0
62.86971027099034,185.43691887133153,0.0,92330.772657757,1.032283160088571,0.0
63.33550124138624,247.50033224887213,0.0,92220.62479487305,1.12598048704683,0.0
63.717924544161235,313.6976581063678,0.0,92103.13615969979,1.2639065764166024,0.0
64.05314038171343,386.1318879744778,0.0,91974.57177181225,1.4583498626506413,0.0
64.35358969502904,465.15426390187713,0.0,91834.30437104889,1.7271728219611904,0.0
64.65403900834465,560.3381985006193,0.0,91665.33258375377,2.143809495205636,0.0
64.90315233711812,653.8514775094453,0.0,91499.3031837816,2.6755111782016363,0.0
65.15720637414309,765.2858689432773,0.0,91301.415629147,3.5140936419311126,0.0
65.37868217236476,877.7821505320351,0.0,91101.58363621245,4.660471065256793,0.0
65.60797778437794,1011.6386900850996,0.0,90863.70211846799,6.567157373174171,0.0
65.83727339639111,1165.7836322395976,0.0,90589.55871184538,9.818985800797815,0.0
66.06656900840429,1343.164207983389,0.0,90273.67101816702,15.717728897832687,0.0
66.24903594412434,1503.0522945218781,0.0,89988.32855853591,24.159957832785107,0.0
66.40153615468377,1650.7215515552487,0.0,89723.99218399772,36.098857789571014,0.0
66.53602729520414,1792.3055493722582,0.0,89469.44633357748,53.27272074636324,0.0
66.6705184357245,1944.961321093452,0.0,89193.13874305403,81.46374986161278,0.0
66.80500957624487,2108.6738415746954,0.0,88893.42513228749,129.4313089610176,0.0
66.93950071676524,2282.50760357087,0.0,88568.72283880196,214.21669945394845,0.0
67.0739918572856,2463.534436720293,0.0,88217.71620474245,370.1181522395497,0.0
67.17215545523608,2596.326523496251,0.0,87944.51682067968,567.2160591009838,0.0
67.25418247482783,2703.4697412236387,0.0,87705.37288272206,824.8657915483293,0.0
67.32525986077206,2789.130054121519,0.0,87490.59359466296,1155.2433826548768,0.0
67.3890021860913,2855.639356365932,0.0,87292.62571040032,1576.4019889475717,0.0
67.45274451141054,2906.5427924623827,0.0,87090.50262293594,2165.758667880141,0.0
67.50807773835977,2932.1004649911197,0.0,86912.70953807945,2864.2609487428467,0.0
67.563410965309,2933.514603944598,0.0,86734.05891051707,3793.3579583878877,0.0
67.6126551108785,2908.152639654664,0.0,86575.71434337126,4865.74622355747,0.0
67.66189925644801,2851.459966466944,0.0,86419.56475245258,6218.948313213998,0.0
67.71114340201751,2757.6568595623858,0.0,86267.46715413543,7896.017164702801,0.0
67.76038754758702,2622.3709074371004,0.0,86121.55979712575,9924.41704764947,0.0
67.80963169315652,2444.174927552539,0.0,85984.14539685524,12301.925888439337,0.0
67.85887583872602,2226.1189846757393,0.0,85857.48872532636,14983.204477355916,0.0
67.90811998429552,1976.572370872387,0.0,85743.54639237458,17873.55230921387,0.0
67.9593836363666,1697.516820592215,0.0,85639.90298265636,20957.082011038834,0.0
68.01358427649691,1400.531963786251,0.0,85547.59025632085,24107.51324355337,0.0
68.05690282590028,1175.0037097027503,0.0,85486.29045703373,26418.263883980206,0.0
68.10296460797963,956.415956340134,0.0,85432.40025744894,28586.307388779376,0.0
68.14902639005898,765.3566570286582,0.0,85388.90437654813,30411.182165905528,0.0
68.19508817213833,603.9303402283539,0.0,85354.34020897407,31883.66618079044,0.0
68.24393867918067,464.13161982381155,0.0,85325.7827355421,33082.40315712241,0.0
68.30140220407368,336.55702995962565,0.0,85300.67067396133,34074.69389832094,0.0
68.35886572896669,241.9818089310374,0.0,85282.54009706495,34698.52198358149,0.0
68.4163292538597,173.10668797085705,0.0,85269.53867283769,35038.781179763435,0.0
68.47379277875271,123.53403937195385,0.0,85260.2502590853,35168.29190203227,0.0
68.53125630364572,88.11176775746226,0.0,85253.62429233779,35145.003148259435,0.0
68.58871982853873,62.90049789595999,0.0,85248.89680107975,35012.912598872994,0.0
68.64618335343174,44.985270184853704,0.0,85245.51928549148,34804.43554280702,0.0
68.70364687832475,32.253586265624556,0.0,85243.1009938385,34542.998378411,0.0
68.76111040321776,23.194266667037038,0.0,85241.36473589382,34245.32712386494,0.0
68.81857392811077,16.734643443884327,0.0,85240.11423213841,33923.27609865149,0.0
68.87603745300378,12.11650887396368,0.0,85239.21050757282,33585.21163417631,0.0
68.93350097789678,8.804876197885942,0.0,85238.55505199087,33237.025829656544,0.0
68.9909645027898,6.422295398500747,0.0,85238.0779024097,32882.86481594477,0.0
69.0484280276828,4.702177471735089,0.0,85237.72924538971,32525.645734247842,0.0
69.10589155257581,3.455879303726566,0.0,85237.4735107173,32167.42119038058,0.0
69.16335507746882,2.5495881946192123,0.0,85237.28521812837,31809.635247435184,0.0
69.22081860236183,1.8881171361947915,0.0,85237.14605392568,31453.30297766822,0.0
69.27828212725484,1.4035464946183376,0.0,85237.0428096354,31099.136410040923,0.0
69.33574565214785,1.0472550013669144,0.0,85236.96592511664,30747.632976890658,0.0
69.39320917704086,0.7843189743701521,0.0,85236.90845608008,30399.137741147802,0.0
69.4514231619385,0.5873876613550285,0.0,85236.8648544087,30049.400630756867,0.0
69.51074034567749,0.4391875314664439,0.0,85236.83160773126,29696.631464044825,0.0
69.57168581523128,0.3270762958191552,0.0,85236.80611554184,29338.075990525216,0.0
69.63470291974625,0.24217611244405107,0.0,85236.78653977305,28971.56322091958,0.0
69.70030154342334,0.17791986839756654,0.0,85236.77150773832,28594.64938089437,0.0
69.76900371667928,0.12944833594696065,0.0,85236.75999516466,28204.9642198852,0.0
69.84139828170963,0.09307957277415789,0.0,85236.75121821385,27799.928026300786,0.0
69.91813163353524,0.0660052276264525,0.0,85236.74457297112,27376.846095090506,0.0
69.99994732240438,0.04605358173177437,0.0,85236.73958702134,26932.73967875427,0.0
70.08770283674862,0.03153659686517256,0.0,85236.73588855329,26464.324410772933,0.0
70.1824088675565,0.02113537167239137,0.0,85236.73318296458,25967.890486393102,0.0
70.28527139918401,0.013818777070058633,0.0,85236.73123631562,25439.204517601815,0.0
70.39775658616031,0.00878231784451266,0.0,85236.72986286528,24873.343218779046,0.0
70.5216731904553,0.005402407445914294,0.0,85236.72891580086,24264.51278394166,0.0
70.65928763386636,0.003200688314487992,0.0,85236.72828001129,23605.81439175906,0.0
70.81349889926308,0.001815516802958488,0.0,85236.72786630341,22888.88627723974,0.0
70.98808072286074,0.0009789580734672447,0.0,85236.7276067424,22103.490492492077,0.0
71.18805272587312,0.0004974941800286032,0.0,85236.72745070042,21236.924563743127,0.0
71.42026393722415,0.00023577399300685873,0.0,85236.72736147915,20273.189419962095,0.0
71.694312907355,0.00010287361528954069,0.0,85236.7273133928,19191.924267307808,0.0
72.02411652044661,4.068420827501543e-5,0.0,85236.72728922254,17966.859038932962,0.0
72.43063308237002,1.431685302888836e-5,0.0,85236.72727803166,16563.89956618766,0.0
72.94639923414647,4.398539608562703e-6,0.0,85236.72727332468,14940.451194457823,0.0
73.60559656222084,1.2037937548971341e-6,0.0,85236.72727157026,13095.031941635243,0.0
74.34803009714311,3.5941971170021263e-7,0.0,85236.72727101148,11288.06769500674,0.0
75.16843200526779,1.2336231920955125e-7,0.0,85236.72727081653,9579.887332429484,0.0
76.05491177900635,5.0738191978280324e-8,0.0,85236.7272707385,8023.461024798691,0.0
76.99985774737335,2.5426122897923022e-8,0.0,85236.72727070117,6641.784560454971,0.0
77.99405582575673,1.5570483446380158e-8,0.0,85236.7272706796,5444.146929345294,0.0
79.03017708345057,1.1543094105292806e-8,0.0,85236.72727066452,4425.205976414377,0.0
80.10123900660251,1.0191221906654779e-8,0.0,85236.72727065193,3571.9242117121544,0.0
81.20141188927782,1.050233800941165e-8,0.0,85236.72727063956,2866.437226288441,0.0
82.32562061070958,1.2368530654148693e-8,0.0,85236.72727062559,2289.258888183981,0.0
83.4696215568886,1.6309271689252525e-8,0.0,85236.72727060781,1821.0767604742384,0.0
84.62984035938496,2.3630196941589015e-8,0.0,85236.72727058279,1443.9525781145467,0.0
85.80332678209575,3.700006664589644e-8,0.0,85236.7272705445,1141.8924412576243,0.0
86.98763871645632,6.172083323337562e-8,0.0,85236.72727048185,901.067185323294,0.0
88.18077390278685,1.083728534977092e-7,0.0,85236.72727037348,709.7783892228396,0.0
89.38109333129614,1.9829957792308986e-7,0.0,85236.7272701775,558.2957928162921,0.0
90.58726293405829,3.750328756103997e-7,0.0,85236.72726981033,438.62946148866365,0.0
91.79820092561413,7.282235909805441e-7,0.0,85236.7272691026,344.2841786919822,0.0
93.01303450995061,1.4440100213919682e-6,0.0,85236.72726770726,270.02126407508837,0.0
94.23106425632989,2.911467346603499e-6,0.0,85236.72726490641,211.641705458678,0.0
95.4517349876093,5.948344083189954e-6,0.0,85236.72725920372,165.7964197628871,0.0
96.67461238537932,1.2281113133847808e-5,0.0,85236.72724746077,129.8247154442192,0.0
97.89936474762577,2.5568293215727604e-5,0.0,85236.72722306155,101.61943181635989,0.0
99.12574762383355,5.358634267454875e-5,0.0,85236.72717200081,79.51600266253297,0.0
100.35358181574617,0.00011290675244760185,0.0,85236.72706452999,62.202279049813164,0.0
101.58268465971908,0.00023891071663211094,0.0,85236.72683729537,48.646090813194476,0.0
102.81254883353353,0.0005071541015293634,0.0,85236.72635527697,38.03852321427084,0.0
104.04241300734797,0.001078878929888128,0.0,85236.72533078438,29.74402479290154,0.0
105.27227718116242,0.0022989603461080524,0.0,85236.72314923702,23.258229006228863,0.0
106.50214135497687,0.004905213731001544,0.0,85236.71849708083,18.18675867291259,0.0
107.73200552879132,0.010476791030204456,0.0,85236.70856501695,14.221248112926796,0.0
108.75553004005027,0.01971377039509558,0.0,85236.6921144268,11.589032556036768,0.0
109.66542447884375,0.03459365782047287,0.0,85236.66563167132,9.661255238348343,0.0
110.57531891763722,0.060722831162811255,0.0,85236.61915208279,8.054417241710457,0.0
111.34184581258536,0.09756390970274255,0.0,85236.55364389837,6.910364335722182,0.0
112.1083727075335,0.1567803531183082,0.0,85236.44838258675,5.929198448133114,0.0
112.7673716562319,0.23574422933908443,0.0,85236.30805396556,5.198232245373904,0.0
113.4263706049303,0.354508557351158,0.0,85236.09703794606,4.557907947455224,0.0
114.01115720052283,0.5091965744906972,0.0,85235.82224017094,4.056642162537567,0.0
114.59594379611536,0.7314193066914755,0.0,85235.42752488365,3.6112119213943576,0.0
115.1807303917079,1.0506718230572452,0.0,85234.86053469847,3.2155964621910154,0.0
115.70403925167955,1.4529338731048986,0.0,85234.14619508869,2.899443132054312,0.0
116.2273481116512,2.009264934221696,0.0,85233.1583468174,2.6155426233463777,0.0
116.75065697162285,2.7786884967065095,0.0,85231.7922305642,2.360899643907571,0.0
117.2739658315945,3.842843082965488,0.0,85229.90295308571,2.1328711714521473,0.0
117.79727469156614,5.314647933424743,0.0,85227.29010960097,1.9291471438142471,0.0
118.3205835515378,7.350289293626966,0.0,85223.67651372489,1.7477386127887096,0.0
118.84389241150944,10.165799657826746,0.0,85218.67877703809,1.5869752664145185,0.0
119.3672012714811,14.05998977116881,0.0,85211.76661523794,1.4455157046400973,0.0
119.89051013145274,19.446167303301472,0.0,85202.20656124821,1.3223764643246771,0.0
120.41381899142439,26.89600828206746,0.0,85188.98411078044,1.216990554693578,0.0
120.93712785139604,37.200236237657826,0.0,85170.69603722262,1.129315278015159,0.0
121.46043671136769,51.45254565178869,0.0,85145.40144798478,1.0600268575122946,0.0
121.98374557133934,71.16566823777005,0.0,85110.41577878925,1.0108759907569849,0.0
122.50705443131099,98.43188029869728,0.0,85062.02587402819,0.9853580881839494,0.0
123.03036329128264,136.14493816995832,0.0,84995.09594443381,0.990036524801053,0.0
123.4973198736953,181.8433110153641,0.0,84913.99381222881,1.0295877893038339,0.0
123.96427645610797,242.87946933185998,0.0,84805.66922980334,1.1194376007658111,0.0
124.35040360021968,308.54852608056535,0.0,84689.11846743236,1.253708431991131,0.0
124.68859089718535,380.49412671596525,0.0,84561.42182244817,1.4436743608679445,0.0
124.9912980876149,459.00495428026886,0.0,84422.06316522503,1.7064836701836406,0.0
125.29400527804444,553.705441469118,0.0,84253.95084776594,2.1142013053721493,0.0
125.54444070498498,646.6422882863113,0.0,84088.94662790983,2.6334457026540212,0.0
125.79982152910594,757.4721142651711,0.0,83892.1356977558,3.4518463676721396,0.0
126.02191310073574,869.1538501702745,0.0,83693.7551799587,4.566507084146099,0.0
126.25179279378504,1002.0618965004677,0.0,83457.56774949173,6.4162084087278455,0.0
126.48167248683434,1155.174516986952,0.0,83185.27649146895,9.563176623211165,0.0
126.71155217988364,1331.4406902880269,0.0,82871.40614833184,15.256065688027391,0.0
126.94143187293294,1534.0794245855518,0.0,82509.69922585257,26.317384478442456,0.0
127.0858469271137,1676.3386258116109,0.0,82254.86195710965,38.77922421187637,0.0
127.23026198129448,1831.0006409035132,0.0,81976.44882930473,59.38700712251936,0.0
127.35646441489526,1976.6494111344912,0.0,81712.26925715225,89.17878134595455,0.0
127.48266684849604,2131.9602463787405,0.0,81427.19467041749,138.56848721312204,0.0
127.60886928209682,2295.9754512200757,0.0,81119.93695725418,223.26195865389738,0.0
127.7350717156976,2466.0371120376617,0.0,80789.44482869345,373.64452952495145,0.0
127.83551302800787,2601.793554394522,0.0,80509.46343699253,578.7397718179636,0.0
127.9101820315339,2699.2866781098464,0.0,80291.72540372543,813.8829227793201,0.0
127.98485103505995,2789.3818745351446,0.0,80066.24866700347,1159.1348102940628,0.0
128.04941508592594,2856.510631120083,0.0,79865.68640110202,1588.1727936498678,0.0
128.11397913679195,2907.4679865473167,0.0,79660.8896207247,2191.1265274953325,0.0
128.16938147156333,2932.1705686310393,0.0,79482.84255882689,2898.973841103574,0.0
128.2247838063347,2932.365842056726,0.0,79303.9996758102,3840.4847649716844,0.0
128.2739708948462,2905.654522346397,0.0,79145.93628310182,4923.988895262206,0.0
128.3231579833577,2847.4068839701786,0.0,78990.14405178463,6289.7859687885475,0.0
128.3723450718692,2751.9034194780984,0.0,78838.48757631105,7980.293283595969,0.0
128.4215321603807,2614.889620423134,0.0,78693.10758208213,10021.815515877899,0.0
128.4707192488922,2435.114544986419,0.0,78556.30106789323,12410.462631422542,0.0
128.5199063374037,2215.8383065585517,0.0,78430.31650392544,15098.974361439503,0.0
128.5690934259152,1965.6210167320712,0.0,78317.08342113896,17990.992575399225,0.0
128.62066332134356,1684.5450051067714,0.0,78213.50245855738,21091.339062244137,0.0
128.67369016511165,1394.3140112174217,0.0,78123.74985147043,24166.31263049883,0.0
128.7173267299313,1167.678233007389,0.0,78062.32692753752,26486.34554430103,0.0
128.76300129200473,951.6658032200738,0.0,78009.1919351274,28626.83772520461,0.0
128.80867585407816,762.7973687466947,0.0,77966.2433826741,30429.42409551514,0.0
128.8543504161516,603.0615589007477,0.0,77932.05373288266,31885.737578983353,0.0
128.90305343478474,463.8356588595531,0.0,77903.61273404073,33079.23055973299,0.0
128.96046369727256,336.45729596588063,0.0,77878.5359591833,34069.82437162903,0.0
129.01787395976038,241.99777709764768,0.0,77860.42448095715,34692.85013345375,0.0
129.0752842222482,173.18253965061064,0.0,77847.43197747528,35032.91628209461,0.0
129.13269448473602,123.63442689582153,0.0,77838.14646907644,35162.61305945723,0.0
129.19010474722384,88.21613320820555,0.0,77831.52010227263,35139.7254720917,0.0
129.24751500971166,62.998039760766105,0.0,77826.79058077862,35008.14392665167,0.0
129.30492527219948,45.07118080551613,0.0,77823.41038980414,34800.218202929005,0.0
129.3623355346873,32.32650024628399,0.0,77820.98932414742,34539.33728802759,0.0
129.41974579717512,23.254642381725244,0.0,77819.2504726585,34242.20752977104,0.0
129.47715605966295,16.783790584604,0.0,77817.99767814345,33920.67420591527,0.0
129.53456632215077,12.156034512295344,0.0,77817.09200024682,33583.10064737592,0.0
129.5919765846386,8.836389179279772,0.0,77816.43491748012,33235.379169141794,0.0
129.6493868471264,6.447263728565116,0.0,77815.95643410142,32881.657663172366,0.0
129.70679710961423,4.721872510497573,0.0,77815.60669621789,32524.855629716352,0.0
129.76420737210205,3.471366629683713,0.0,77815.35009283478,32167.028122558426,0.0
129.82161763458987,2.561741568311152,0.0,77815.16110618519,31809.62149007034,0.0
129.8790278970777,1.897642199447293,0.0,77815.02138981741,31453.65282144552,0.0
129.9364381595655,1.4110069646387435,0.0,77814.91770756042,31099.83586770485,0.0
129.99384842205333,1.0530976989772949,0.0,77814.84047635416,30748.66950184446,0.0
130.05125868454115,0.78889605837271,0.0,77814.78273322807,30400.499977315427,0.0
130.10942136261224,0.5909564478961346,0.0,77814.73891077445,30051.06640310824,0.0
130.16868483037254,0.44196343758373496,0.0,77814.70548851106,29698.60526086147,0.0
130.2295734023741,0.3292262687535772,0.0,77814.67985607727,29340.366558957692,0.0
130.2925280889,0.24383359912104494,0.0,77814.66016862444,28974.19216321803,0.0
130.35805732320023,0.17918990321619338,0.0,77814.64504761569,28597.645152105182,0.0
130.42668115212868,0.1304143686865163,0.0,77814.63346431071,28208.36441593111,0.0
130.49898659263053,0.0938077337098586,0.0,77814.62463124676,27803.777539444298,0.0
130.5756177295155,0.0665481826371658,0.0,77814.61794167252,27381.1987551143,0.0
130.657315490138,0.046453256890579976,0.0,77814.61292088918,26937.658598479888,0.0
130.74493410193998,0.031826380989470104,0.0,77814.60919525517,26469.88370476783,0.0
130.83948025838396,0.021341785052161017,0.0,77814.60646868125,25974.176894423836,0.0
130.94215477543025,0.013962799480575683,0.0,77814.60450601643,25446.320443277924,0.0
131.0544169965003,0.008880425804464132,0.0,77814.60312052336,24881.410866431484,0.0
131.1780669804422,0.005467394621162186,0.0,77814.60216456282,24273.677647705113,0.0
131.31535900136382,0.0032423582793531694,0.0,77814.60152234242,23616.25354224898,0.0
131.4691755743932,0.0018412378534368734,0.0,77814.6011041033,22900.816235820923,0.0
131.64326708738056,0.0009941406434456116,0.0,77814.60084144576,22117.179956686068,0.0
131.84261946381545,0.0005059952833015637,0.0,77814.60068336345,21252.710989967276,0.0
132.07403229602656,0.00024024374287769852,0.0,77814.60059285487,20291.499301533047,0.0
132.34702676891766,0.00010505342651405826,0.0,77814.60054399786,19213.309269481764,0.0
132.67539708178106,4.165502558027259e-5,0.0,77814.60051939434,17992.035857995856,0.0
133.07989828505333,1.4704141703350266e-5,0.0,77814.60050797767,16593.797578138867,0.0
133.5927485679206,4.533558503245408e-6,0.0,77814.60050316325,14976.150019626823,0.0
134.24892995125575,1.242436430599292e-6,0.0,77814.60050136206,13134.241349576672,0.0
134.98999713644935,3.698532604179537e-7,0.0,77814.60050078707,11324.961003169694,0.0
135.80854189513795,1.265624886546793e-7,0.0,77814.60050058717,9614.768265660627,0.0
136.69373526929567,5.1840851233209144e-8,0.0,77814.60050050735,8054.746976291453,0.0
137.63740738559676,2.5870023620263662e-8,0.0,77814.60050046936,6669.381873513463,0.0
138.6306080716544,1.5775948338777853e-8,0.0,77814.60050044746,5467.8585433080225,0.0
139.6658504152026,1.1649319035884852e-8,0.0,77814.60050043222,4445.260993731315,0.0
140.7361988283393,1.0248270526935314e-8,0.0,77814.60050041953,3588.624226456352,0.0
141.83577192382944,1.0528920104020737e-8,0.0,77814.60050040712,2880.1843174864725,0.0
142.9594894102479,1.2366946051099633e-8,0.0,77814.60050039314,2300.4639034310703,0.0
144.1030855384917,1.6270822323541933e-8,0.0,77814.6005003754,1830.1383782464052,0.0
145.2629735722886,2.3530893948391987e-8,0.0,77814.60050035047,1451.2336397596646,0.0
146.43618954004305,3.678868168229253e-8,0.0,77814.60050031239,1147.7124583584932,0.0
147.62028107739428,6.129250872052768e-8,0.0,77814.60050025013,905.6996819156506,0.0
148.8132366421212,1.0751355063022612e-7,0.0,77814.60050014258,713.4530765721314,0.0
150.01340991797585,1.9656981121808035e-7,0.0,77814.60049994828,561.2026236345857,0.0
151.21946049360517,3.715235461456874e-7,0.0,77814.60049958449,440.9237321315842,0.0
152.43030142932375,7.210412841219565e-7,0.0,77814.60049888364,346.09169016708944,0.0
153.6450556471755,1.4291879848890746e-6,0.0,77814.60049750246,271.4431996913639,0.0
154.86302010117544,2.880654067349396e-6,0.0,77814.60049473103,212.7589918115444,0.0
156.08363662125043,5.883884625552832e-6,0.0,77814.6004890898,166.67348948676653,0.0
157.3064684892836,1.2145559728448071e-5,0.0,77814.60047747592,130.5126818149583,0.0
158.5311818930255,2.5281991198877134e-5,0.0,77814.60045334903,102.15872885501082,0.0
159.75753045179954,5.297945061871306e-5,0.0,77814.60040286525,79.93854479209033,0.0
160.98533384833576,0.00011161641855837533,0.0,77814.60029662069,62.53320235872174,0.0
162.2144103556364,0.00023616077350124522,0.0,77814.60007199863,48.905151025171186,0.0
163.44426326111076,0.0005012868374338693,0.0,77814.59959554931,38.24117965071938,0.0
164.67411616658512,0.0010663462047760355,0.0,77814.5985829468,29.90255774543967,0.0
165.90396907205948,0.002272165751613589,0.0,77814.59642681041,23.38224498053139,0.0
167.13382197753384,0.004847887064439838,0.0,77814.59182900445,18.28377247340275,0.0
168.3636748830082,0.010354073172276053,0.0,77814.58201325964,14.29713815548449,0.0
169.38886548895388,0.019502666826550424,0.0,77814.5657197608,11.646991449387217,0.0
170.30036888453554,0.034256961348973124,0.0,77814.53946013392,9.70644546735038,0.0
171.2118722801172,0.060191265027386726,0.0,77814.4933266439,8.08948341244494,0.0
171.97953549994529,0.09677739593941295,0.0,77814.42827117853,6.938867416123721,0.0
172.74719871977337,0.15562526961012102,0.0,77814.32366422816,5.952295258221091,0.0
173.40696873221705,0.23411845431315265,0.0,77814.18417120427,5.2176698034588815,0.0
174.06673874466074,0.35223103636657144,0.0,77813.97431206911,4.574237053889496,0.0
174.65204122878035,0.5060860217348822,0.0,77813.70099290753,4.070745569523955,0.0
175.23734371289996,0.727182429706005,0.0,77813.30827667785,3.6233810248705063,0.0
175.82264619701957,1.0449180538163552,0.0,77812.74397857794,3.2260853425779388,0.0
176.3462398975512,1.4452306612763166,0.0,77812.0330987025,2.908718601351341,0.0
176.8698335980828,1.9989629668936881,0.0,77811.04986233875,2.6237406278941506,0.0
177.39342729861443,2.764927072711232,0.0,77809.68988523103,2.368140834713969,0.0
177.91702099914605,3.8244834555795237,0.0,77807.80876746548,2.139262563822726,0.0
178.44061469967767,5.290186611496249,0.0,77805.20675141373,1.9347835886242217,0.0
178.9642084002093,7.317745731419764,0.0,77801.60749710728,1.752704093854017,0.0
179.4878021007409,10.12257143915878,0.0,77796.62871948199,1.5913440319520102,0.0
180.01139580127253,14.002666871782662,0.0,77789.74156713876,1.4493532311455115,0.0
180.53498950180415,19.370295340706896,0.0,77780.21442597182,1.3257402354547632,0.0
181.05858320233577,26.795788940968897,0.0,77767.03517621639,1.2199306102420922,0.0
181.5821769028674,37.068151502832535,0.0,77748.80364256306,1.1318744370925735,0.0
182.105770603399,51.2788914701173,0.0,77723.58281127967,1.0622404199858246,0.0
182.62936430393063,70.93798341901584,0.0,77688.69301053823,1.0127705127598619,0.0
183.15295800446225,98.13425892958662,0.0,77640.42719778829,0.9869483657944089,0.0
183.67655170499387,135.757220309725,0.0,77573.65713412152,0.9913188227292938,0.0
184.14366203088827,181.3426983515683,0.0,77492.75533084343,1.0305521507779487,0.0
184.61077235678266,242.23386937092022,0.0,77384.6880398491,1.1199806139609323,0.0
184.99739385192976,307.8226394527728,0.0,77268.27975693093,1.2539005858976353,0.0
185.33598211065285,379.6932987085049,0.0,77140.7161235829,1.4434660718613015,0.0
185.63899592618444,458.12591407126735,0.0,77001.49631158324,1.7057457858610288,0.0
185.94200974171602,552.7500554510707,0.0,76833.51957544549,2.1126894476244846,0.0
186.1926283744153,645.5998520293264,0.0,76668.67000603094,2.6308012162865837,0.0
186.44819058907274,756.3360786144146,0.0,76472.02549221975,3.447317425406521,0.0
186.67037072957532,867.8980939284675,0.0,76273.8579847232,4.558847767148282,0.0
186.9003294235624,1000.6634410143577,0.0,76037.92486652856,6.402684073079405,0.0
187.13028811754947,1153.6196075274345,0.0,75765.91334841737,9.538506925484405,0.0
187.36024681153654,1329.715308161189,0.0,75452.34981975416,15.208842726788085,0.0
187.5902055055236,1532.1704310916225,0.0,75090.97811007645,26.221140812062654,0.0
187.73483470419913,1674.4779290618208,0.0,74836.06322948546,38.64065886611749,0.0
187.87946390287465,1829.215816498617,0.0,74557.52772914468,59.18411734013517,0.0
188.00575689028966,1974.8427393893928,0.0,74293.40829286099,88.86377774361581,0.0
188.13204987770467,2130.1470907473927,0.0,74008.38089671174,138.0658946302238,0.0
188.2583428651197,2294.1795038890023,0.0,73701.1538440423,222.43703791701753,0.0
188.3846358525347,2464.2966436438674,0.0,73370.67088471018,372.25170940606245,0.0
188.48637872492736,2601.782310179721,0.0,73087.15906172138,579.7684407882033,0.0
188.5605770925115,2698.633091784762,0.0,72870.82101555403,813.5426078835953,0.0
188.63477546009563,2788.1909459486474,0.0,72646.84187951173,1155.9263155029585,0.0
188.69927518132855,2855.362581280268,0.0,72446.56299908608,1583.063815467001,0.0
188.76377490256147,2906.4722124031637,0.0,72242.0471805923,2183.1034536224442,0.0
188.81920582302092,2931.4549800901295,0.0,72063.96085239906,2888.528039599723,0.0
188.87463674348038,2932.008156138686,0.0,71885.05888848122,3826.994473766772,0.0
188.9238578178456,2905.677553105894,0.0,71726.89564340287,4907.460571864885,0.0
188.97307889221082,2847.8611471484915,0.0,71570.98309440394,6269.86391045965,0.0
189.02229996657604,2752.8210004059843,0.0,71419.18482601167,7956.807219327775,0.0
189.07152104094126,2616.2695247571064,0.0,71273.64213199161,9994.911742852672,0.0
189.12074211530648,2436.9090416581416,0.0,71136.65486583277,12380.720513268096,0.0
189.1699631896717,2217.946863147882,0.0,71010.47706465793,15067.446066650333,0.0
189.21918426403693,1967.8984931044167,0.0,70897.04631757223,17959.10590419052,0.0
189.27069325386955,1687.354752727391,0.0,70793.44285148913,21054.989508729836,0.0
189.32401262988841,1395.561964496548,0.0,70703.07583527981,24147.491664874586,0.0
189.36758611498283,1169.2126490955723,0.0,70641.67459459684,26465.114501860557,0.0
189.4133641294779,952.6202503808887,0.0,70588.35687501887,28611.844168049458,0.0
189.459142143973,763.2597869401111,0.0,70545.2758354798,30419.4445750441,0.0
189.50492015846808,603.1472309534178,0.0,70510.99546046079,31879.348651176308,0.0
189.55366892328848,463.81165091066435,0.0,70482.52630612656,33073.82246638125,0.0
189.6111044450361,336.41134154228496,0.0,70457.44079911428,34064.56890399117,0.0
189.6685399667837,241.94311665793333,0.0,70439.32459336122,34687.591707289976,0.0
189.7259754885313,173.12768064479937,0.0,70426.329871071,35027.556641007686,0.0
189.7834110102789,123.58406567645542,0.0,70417.04362092492,35157.09877075534,0.0
189.84084653202652,88.17234739110145,0.0,70410.41732081778,35134.0335774957,0.0
189.89828205377412,62.96130865610069,0.0,70405.68826317959,35002.27007111911,0.0
189.95571757552173,45.041116521750546,0.0,70402.30869272018,34794.16823322386,0.0
190.01315309726934,32.30231659834844,0.0,70399.88827166447,34533.12187641849,0.0
190.07058861901695,23.23543013706073,0.0,70398.15002173347,34235.83900202451,0.0
190.12802414076455,16.76866471615153,0.0,70396.89775670329,33914.1648206213,0.0
190.18545966251216,12.144203149564097,0.0,70395.99252832614,33576.461765018175,0.0
190.24289518425977,8.82717777326552,0.0,70395.33581817188,33228.62093386609,0.0
190.30033070600737,6.440115457271138,0.0,70394.8576385873,32874.78896056016,0.0
190.35776622775498,4.716337402755267,0.0,70394.50814549235,32517.884179464476,0.0
190.4152017495026,3.4670864310813254,0.0,70394.25173768398,32159.96062594041,0.0
190.4726372712502,2.558434061872024,0.0,70394.06290632836,31802.463789185556,0.0
190.5300727929978,1.8950867656405797,0.0,70393.92331272094,31446.410049013753,0.0
190.5875083147454,1.4090320898056552,0.0,70393.81972719857,31092.512578414033,0.0
190.644943836493,1.0515705729046994,0.0,70393.74257205203,30741.26978283199,0.0
190.70237935824062,0.7877141253694264,0.0,70393.68488864489,30393.0275386456,0.0
190.76056812759623,0.5900422525771846,0.0,70393.64111325888,30043.52076931399,0.0
190.81985895195876,0.44125722471491013,0.0,70393.6077281234,29690.983877208077,0.0
190.8807767282237,0.3286821268962937,0.0,70393.58212505706,29332.664372172036,0.0
190.9437629516962,0.24341592945478352,0.0,70393.56246087185,28966.402297181947,0.0
191.0093266084118,0.17887100864282585,0.0,70393.5473583232,28589.75883393075,0.0
191.0779883371296,0.13017255083162196,0.0,70393.53578966367,28200.371015634923,0.0
191.15033579386127,0.09362594960659154,0.0,70393.52696821057,27795.664684705247,0.0
191.22701382078841,0.0664129700098132,0.0,70393.5202878161,27372.952088892474,0.0
191.308764263833,0.046353956336377226,0.0,70393.51527425737,26929.261458461293,0.0
191.39644245461318,0.03175454696581216,0.0,70393.51155427177,26461.316828075243,0.0
191.49105644533196,0.021290736150519806,0.0,70393.50883207501,25965.41799416293,0.0
191.5938087970139,0.013927267077840142,0.0,70393.50687276262,25437.343420784993,0.0
191.70616111870933,0.008856284170556566,0.0,70393.5054897997,24872.184827518726,0.0
191.8299163403137,0.0054514491975236655,0.0,70393.5045357154,24264.16617595548,0.0
191.96733268752783,0.003232167164162354,0.0,70393.50389485617,23606.412638199414,0.0
192.12129794857924,0.0018349708412897046,0.0,70393.50347757926,22890.592697328524,0.0
192.2955699546114,0.0009904573974543194,0.0,70393.50321558089,22106.508202029167,0.0
192.49514516435926,0.0005039435360232369,0.0,70393.50305793362,21241.509650612174,0.0
192.72683848458732,0.00023917167002653324,0.0,70393.50296769958,20279.666891511708,0.0
193.0001947600271,0.00010453458668020039,0.0,70393.50291900666,19200.71614625021,0.0
193.32904534419282,4.1426167281965846e-5,0.0,70393.50289449497,17978.516204427506,0.0
193.73420617271313,1.4613989138100104e-5,0.0,70393.5028831258,16579.141245243653,0.0
194.2479895361205,4.5027039313121935e-6,0.0,70393.50287833365,14960.13039804499,0.0
194.9051343147128,1.2340845141662513e-6,0.0,70393.5028765421,13117.664229880067,0.0
195.64665485321217,3.678962672725537e-7,0.0,70393.50287597033,11309.64193118967,0.0
196.46579985053302,1.2607450845084076e-7,0.0,70393.50287577121,9600.609940223012,0.0
197.35141447597496,5.173185209573389e-8,0.0,70393.50287569163,8042.208289545966,0.0
198.29550029954007,2.586081171493085e-8,0.0,70393.50287565366,6658.448808424705,0.0
199.28902639645358,1.5797011424263807e-8,0.0,70393.50287563176,5458.539860778768,0.0
200.0,1.2577812913681104e-8,0.0,70393.50287562082,4735.0231176738025,0.0
